id,name,album,Era,release_date,track_number,uri,acousticness,danceability,energy,instrumentalness,liveness,loudness,speechiness,tempo,valence,popularity,duration_ms,Eras Tour
1,The Black Dog,THE TORTURED POETS DEPARTMENT: THE ANTHOLOGY,The Tortured Poets Department,4/19/2024,17,spotify:track:62E2nR0od0M5HYxuYLaDz7,0.707,0.527,0.27,0,0.102,-10.855,0.038,154.042,0.23,79,238857,Surprise Song
2,imgonnagetyouback,THE TORTURED POETS DEPARTMENT: THE ANTHOLOGY,The Tortured Poets Department,4/19/2024,18,spotify:track:1kcwpPDQnqEqmezzXdJTCP,0.608,0.784,0.391,0,0.252,-9.471,0.0633,110.007,0.15,81,222072,Surprise Song
3,The Albatross,THE TORTURED POETS DEPARTMENT: THE ANTHOLOGY,The Tortured Poets Department,4/19/2024,19,spotify:track:4EF6IyONolQy0bIQXm2EmX,0.655,0.352,0.479,0,0.0935,-8.942,0.0583,172.013,0.292,77,183878,Surprise Song
4,Chloe or Sam or Sophia or Marcus,THE TORTURED POETS DEPARTMENT: THE ANTHOLOGY,The Tortured Poets Department,4/19/2024,20,spotify:track:1rmEsOezwf2lmIZTMAO5Ag,0.78,0.516,0.451,0,0.105,-8.552,0.0446,70.266,0.218,77,213281,Surprise Song
5,How Did It End?,THE TORTURED POETS DEPARTMENT: THE ANTHOLOGY,The Tortured Poets Department,4/19/2024,21,spotify:track:5Bedn0svl0ZD7RGmJkmKKw,0.785,0.492,0.379,0.00093,0.108,-8.859,0.0257,83.993,0.273,80,238706,Surprise Song
6,So High School,THE TORTURED POETS DEPARTMENT: THE ANTHOLOGY,The Tortured Poets Department,4/19/2024,22,spotify:track:7Mts0OfPorF4iwOomvfqn1,0.0274,0.366,0.866,3.07E-06,0.106,-4.514,0.0466,176.07,0.293,82,228800,Set List
7,I Hate It Here,THE TORTURED POETS DEPARTMENT: THE ANTHOLOGY,The Tortured Poets Department,4/19/2024,23,spotify:track:3hlGuz3loYoLfI3bpwieWq,0.717,0.485,0.562,0,0.357,-7.197,0.0346,105.953,0.297,78,243875,Surprise Song
8,thanK you aIMee,THE TORTURED POETS DEPARTMENT: THE ANTHOLOGY,The Tortured Poets Department,4/19/2024,24,spotify:track:7ogK4lJDVDMU6A6vYR5rvD,0.609,0.609,0.541,0,0.122,-8.013,0.0346,95.997,0.252,76,263817,Surprise Song
9,I Look in People's Windows,THE TORTURED POETS DEPARTMENT: THE ANTHOLOGY,The Tortured Poets Department,4/19/2024,25,spotify:track:1Zai5UJ2di3qEuR2HeT2s8,0.69,0.763,0.274,0,0.164,-11.429,0.0738,90.796,0.385,76,131907,Surprise Song
10,The Prophecy,THE TORTURED POETS DEPARTMENT: THE ANTHOLOGY,The Tortured Poets Department,4/19/2024,26,spotify:track:18WFFUIsewmA8g31KAeo3e,0.825,0.421,0.525,2.67E-06,0.308,-10.359,0.0472,167.927,0.535,81,249807,Surprise Song
11,Cassandra,THE TORTURED POETS DEPARTMENT: THE ANTHOLOGY,The Tortured Poets Department,4/19/2024,27,spotify:track:0g4fMVo4JjwnIpTfFfLdxS,0.806,0.587,0.587,0,0.137,-9.879,0.0595,139.963,0.514,76,240205,Surprise Song
12,Peter,THE TORTURED POETS DEPARTMENT: THE ANTHOLOGY,The Tortured Poets Department,4/19/2024,28,spotify:track:3zMDGj4D8ogaYgAIZPeU7S,0.805,0.342,0.376,0,0.0593,-8.212,0.0372,176.859,0.29,77,283957,Surprise Song
13,The Bolter,THE TORTURED POETS DEPARTMENT: THE ANTHOLOGY,The Tortured Poets Department,4/19/2024,29,spotify:track:2913xXOVAIDAqxzV2g4VcU,0.638,0.455,0.586,0,0.131,-7.978,0.0492,183.694,0.481,77,238241,Surprise Song
14,Robin,THE TORTURED POETS DEPARTMENT: THE ANTHOLOGY,The Tortured Poets Department,4/19/2024,30,spotify:track:2CnjDMdpRjlWv04Xk3s6MW,0.791,0.476,0.386,0.000423,0.1,-10.601,0.03,138.265,0.158,73,240893,Surprise Song
15,The Manuscript,THE TORTURED POETS DEPARTMENT: THE ANTHOLOGY,The Tortured Poets Department,4/19/2024,31,spotify:track:1DTRUYVd8rYpla9hhVVwjo,0.901,0.509,0.256,2.43E-06,0.103,-11.665,0.0306,94.184,0.436,74,224743,Surprise Song
16,Fortnight (feat. Post Malone),THE TORTURED POETS DEPARTMENT,The Tortured Poets Department,4/18/2024,1,spotify:track:2OzhQlSqBEmt7hmkYxfT6m,0.502,0.504,0.386,1.53E-05,0.0961,-10.976,0.0308,192.004,0.281,91,228965,Set List
17,The Tortured Poets Department,THE TORTURED POETS DEPARTMENT,The Tortured Poets Department,4/18/2024,2,spotify:track:3NMrVbIVWT3fPXBj0rNDKG,0.0483,0.604,0.428,0,0.126,-8.441,0.0255,110.259,0.292,75,293048,Surprise Song
18,My Boy Only Breaks His Favorite Toys,THE TORTURED POETS DEPARTMENT,The Tortured Poets Department,4/18/2024,3,spotify:track:2XXwLdtuAcE0HSCu61ijAb,0.137,0.596,0.563,0,0.302,-7.362,0.0269,97.073,0.481,77,203801,Surprise Song
19,Down Bad,THE TORTURED POETS DEPARTMENT,The Tortured Poets Department,4/18/2024,4,spotify:track:2F3N9tdombb64aW6VtZOdo,0.56,0.541,0.366,1.00E-06,0.0946,-10.412,0.0748,159.707,0.168,82,261228,Set List
20,"So Long, London",THE TORTURED POETS DEPARTMENT,The Tortured Poets Department,4/18/2024,5,spotify:track:3Vevii7qKqrmW8CcyzBHDl,0.73,0.423,0.533,0.00264,0.0816,-11.388,0.322,160.218,0.248,78,262974,Surprise Song
21,But Daddy I Love Him,THE TORTURED POETS DEPARTMENT,The Tortured Poets Department,4/18/2024,6,spotify:track:5og4Qzt92jJzVDkOtSEilb,0.384,0.521,0.72,0,0.135,-7.684,0.104,79.943,0.438,78,340428,Set List
22,Fresh Out The Slammer,THE TORTURED POETS DEPARTMENT,The Tortured Poets Department,4/18/2024,7,spotify:track:3fO566xJgwxIa3qGCGBvIC,0.624,0.33,0.483,0,0.111,-9.394,0.0399,87.115,0.34,69,210789,Surprise Song
23,Florida!!! (feat. Florence + The Machine),THE TORTURED POETS DEPARTMENT,The Tortured Poets Department,4/18/2024,8,spotify:track:3ZVFcD8Wlw9T9klGqmJf9F,0.178,0.533,0.573,0,0.309,-7.123,0.138,150.088,0.398,76,215463,Surprise Song
24,Guilty as Sin?,THE TORTURED POETS DEPARTMENT,The Tortured Poets Department,4/18/2024,9,spotify:track:0W0iAC1VGlB82PI6elxFYf,0.607,0.626,0.428,0,0.0921,-8.374,0.0261,94.95,0.487,82,254365,Surprise Song
25,Who's Afraid of Little Old Me?,THE TORTURED POETS DEPARTMENT,The Tortured Poets Department,4/18/2024,10,spotify:track:36t6frENUtCYKuZus6aYDO,0.315,0.606,0.338,0,0.106,-10.555,0.048,119.88,0.238,80,334084,Set List
26,I Can Fix Him (No Really I Can),THE TORTURED POETS DEPARTMENT,The Tortured Poets Department,4/18/2024,11,spotify:track:2h3MDMf8sd9s4XIzpTBIjX,0.768,0.661,0.257,1.72E-06,0.176,-13.961,0.045,106.896,0.318,67,156297,Surprise Song
27,loml,THE TORTURED POETS DEPARTMENT,The Tortured Poets Department,4/18/2024,12,spotify:track:6RSG1dKPV5gEvILwJb4QtS,0.858,0.423,0.272,0,0.108,-12.56,0.0489,78.539,0.195,75,277156,Surprise Song
28,I Can Do It With a Broken Heart,THE TORTURED POETS DEPARTMENT,The Tortured Poets Department,4/18/2024,13,spotify:track:4q5YezDOIPcoLr8R81x9qy,0.123,0.701,0.751,0,0.15,-8.39,0.0502,129.994,0.22,88,218004,Set List
29,The Smallest Man Who Ever Lived,THE TORTURED POETS DEPARTMENT,The Tortured Poets Department,4/18/2024,14,spotify:track:2v1ivOOsgn64g5OywuH55L,0.52,0.426,0.41,0,0.338,-9.083,0.0581,142.377,0.263,74,245541,Set List
30,The Alchemy,THE TORTURED POETS DEPARTMENT,The Tortured Poets Department,4/18/2024,15,spotify:track:1dhMTsEZz6ZEquGvmzVoHn,0.422,0.64,0.421,0,0.103,-8.802,0.0273,100.056,0.353,73,196900,Surprise Song
31,Clara Bow,THE TORTURED POETS DEPARTMENT,The Tortured Poets Department,4/18/2024,16,spotify:track:1UlhrRvYzbHEyugEDspXUB,0.636,0.686,0.318,0.00144,0.106,-11.046,0.0263,104.088,0.214,67,216662,Surprise Song
32,Bad Blood (feat. Kendrick Lamar) (Taylor's Version),1989 (Taylor's Version) [Deluxe],1989,10/27/2023,22,spotify:track:6qAcApH8obo8eqatCKUHd9,0.0143,0.604,0.644,0,0.237,-6.931,0.0889,170.088,0.197,74,199773,No
33,Welcome To New York (Taylor's Version),1989 (Taylor's Version),1989,10/26/2023,1,spotify:track:1hR8BSuEqPCCZfv93zzzz9,0.00661,0.76,0.602,0.000133,0.325,-4.871,0.0316,116.989,0.685,71,212600,Surprise Song
34,Blank Space (Taylor's Version),1989 (Taylor's Version),1989,10/26/2023,2,spotify:track:45wMBGri1PORPjM9PwFfrS,0.0901,0.732,0.719,0,0.331,-5.469,0.0645,96.035,0.71,80,231833,Set List
35,Style (Taylor's Version),1989 (Taylor's Version),1989,10/26/2023,3,spotify:track:1hjRhYpWyqDpPahmSlUTlc,0.000456,0.514,0.821,0.0232,0.0946,-4.803,0.0444,94.884,0.298,79,231000,Set List
36,Out Of The Woods (Taylor's Version),1989 (Taylor's Version),1989,10/26/2023,4,spotify:track:045ZeOHPIzhxxsm8bq5kyE,0.000466,0.544,0.884,0.000134,0.381,-5.973,0.0383,91.981,0.184,73,235800,Surprise Song
37,All You Had To Do Was Stay (Taylor's Version),1989 (Taylor's Version),1989,10/26/2023,5,spotify:track:6GXgd1BPD9bUpqw5AntGV5,0.000778,0.589,0.713,0,0.188,-5.614,0.0308,97.069,0.54,69,193289,Surprise Song
38,Shake It Off (Taylor's Version),1989 (Taylor's Version),1989,10/26/2023,6,spotify:track:3pv7Q5v2dpdefwdWIvE7yH,0.0112,0.632,0.805,2.51E-05,0.156,-5.707,0.069,160.052,0.903,75,219209,Set List
39,I Wish You Would (Taylor's Version),1989 (Taylor's Version),1989,10/26/2023,7,spotify:track:43y1WpBdnEy5TR9aZoSQL9,0.00388,0.671,0.853,9.48E-06,0.0812,-6.568,0.0417,118.032,0.523,68,207650,Surprise Song
40,Bad Blood (Taylor's Version),1989 (Taylor's Version),1989,10/26/2023,8,spotify:track:64FzgoLZ3oXu2SriZblHic,0.0369,0.624,0.711,3.13E-06,0.19,-6.347,0.159,169.999,0.347,71,211103,Set List
41,Wildest Dreams (Taylor's Version),1989 (Taylor's Version),1989,10/26/2023,9,spotify:track:1K39ty6o1sHwwlZwO6a7wK,0.0348,0.587,0.663,9.95E-05,0.0971,-7.439,0.0598,139.993,0.539,77,220433,Set List
42,How You Get The Girl (Taylor's Version),1989 (Taylor's Version),1989,10/26/2023,10,spotify:track:75W3SngKzTuoQ94uLf3y82,0.00198,0.761,0.67,1.08E-05,0.0873,-5.956,0.0537,120.014,0.519,67,247533,Surprise Song
43,This Love (Taylors Version),1989 (Taylor's Version),1989,10/26/2023,11,spotify:track:5QVVjX0ZItqlVpEuVCM9Yg,0.302,0.47,0.494,0,0.0672,-8.672,0.0349,144.039,0.0524,67,250100,Surprise Song
44,I Know Places (Taylor's Version),1989 (Taylor's Version),1989,10/26/2023,12,spotify:track:2f0GI2ZLUtbGqFx8t2Gk6A,0.0846,0.572,0.807,0,0.071,-5.348,0.0574,160.015,0.626,66,195700,Surprise Song
45,Clean (Taylor's Version),1989 (Taylor's Version),1989,10/26/2023,13,spotify:track:2ByBBvpR9b7IynvRmnG7kG,0.297,0.782,0.379,2.98E-05,0.103,-8.964,0.0303,103.99,0.267,70,271000,Surprise Song
46,Wonderland (Taylor's Version),1989 (Taylor's Version),1989,10/26/2023,14,spotify:track:2ve0kuaWUCt4Zx8x4bf1MR,0.0105,0.387,0.703,1.10E-05,0.128,-5.956,0.0545,123.18,0.32,67,245566,Surprise Song
47,You Are In Love (Taylor's Version),1989 (Taylor's Version),1989,10/26/2023,15,spotify:track:4UwqOWDpdeIDVQDuKT6iza,0.572,0.554,0.509,2.08E-06,0.113,-9.403,0.0455,85.079,0.401,69,267389,Surprise Song
48,New Romantics (Taylor's Version),1989 (Taylor's Version),1989,10/26/2023,16,spotify:track:2vPMoMDXxu9uX1igWZmXSG,0.00516,0.653,0.848,4.24E-06,0.0798,-5.936,0.0583,122.017,0.724,74,230177,Surprise Song
49,"""Slut!"" (Taylor's Version) (From The Vault)",1989 (Taylor's Version),1989,10/26/2023,17,spotify:track:71BqAINEnezjQfxE4VuJfq,0.33,0.621,0.415,0.000112,0.0634,-13.187,0.0543,77.978,0.313,77,180381,Surprise Song
50,Say Don't Go (Taylor's Version) (From The Vault),1989 (Taylor's Version),1989,10/26/2023,18,spotify:track:4NioO5R9sHEZh4cGzMHyNt,0.0684,0.632,0.539,5.82E-06,0.132,-8.375,0.0342,109.962,0.186,73,279833,Surprise Song
51,Now That We Don't Talk (Taylor's Version) (From The Vault),1989 (Taylor's Version),1989,10/26/2023,19,spotify:track:5KD6AEm19QnMbfWpfoOHMl,0.16,0.8,0.509,3.05E-05,0.0834,-9.386,0.034,109.994,0.0768,77,146436,Surprise Song
52,Suburban Legends (Taylor's Version) (From The Vault),1989 (Taylor's Version),1989,10/26/2023,20,spotify:track:6T0sEnqjmHISIKwFETeeiP,0.212,0.695,0.607,0,0.102,-8.84,0.0357,118.043,0.394,68,171818,Surprise Song
53,Is It Over Now? (Taylor's Version) (From The Vault),1989 (Taylor's Version),1989,10/26/2023,21,spotify:track:1Iq8oo9XkmmvCQiGOfORiz,0.0486,0.599,0.651,0,0.126,-7.343,0.035,100.001,0.153,78,229477,Surprise Song
54,Mine (Taylor's Version),Speak Now (Taylor's Version),Speak Now,7/7/2023,1,spotify:track:7G0gBu6nLdhFDPRLc0HdDG,0.00314,0.647,0.793,1.93E-06,0.174,-2.903,0.0363,121.101,0.5,74,231706,Surprise Song
55,Sparks Fly (Taylors Version),Speak Now (Taylor's Version),Speak Now,7/7/2023,2,spotify:track:3MytWN8L7shNYzGl4tAKRp,0.0241,0.605,0.769,0,0.0936,-2.413,0.032,114.921,0.366,72,261230,Surprise Song
56,Back To December (Taylor's Version),Speak Now (Taylor's Version),Speak Now,7/7/2023,3,spotify:track:79uDOz0zuuWS7HWxzMmTa2,0.00705,0.486,0.635,0,0.119,-3.994,0.0278,141.868,0.235,74,294189,Surprise Song
57,Speak Now (Taylor's Version),Speak Now (Taylor's Version),Speak Now,7/7/2023,4,spotify:track:5xXqyjLicvEpch72qEryFT,0.225,0.734,0.686,0,0.136,-2.926,0.0349,119.002,0.598,69,242473,Surprise Song
58,Dear John (Taylor's Version),Speak Now (Taylor's Version),Speak Now,7/7/2023,5,spotify:track:1zU8j1x3yi9xalMF96pzKp,0.0327,0.379,0.468,0,0.158,-5.07,0.0298,119.447,0.115,69,405906,Surprise Song
59,Mean (Taylor's Version),Speak Now (Taylor's Version),Speak Now,7/7/2023,6,spotify:track:30Y4CV7A6YqtQtTTo7Ue4j,0.321,0.526,0.7,0,0.213,-3.95,0.0392,163.949,0.596,69,238693,Surprise Song
60,The Story Of Us (Taylor's Version),Speak Now (Taylor's Version),Speak Now,7/7/2023,7,spotify:track:6dTA6y0C2ReQklntzZl8l3,0.00136,0.516,0.784,0,0.0499,-2.636,0.0563,139.787,0.552,70,267653,Surprise Song
61,Never Grow Up (Taylor's Version),Speak Now (Taylor's Version),Speak Now,7/7/2023,8,spotify:track:2EFZ9emtKWEglWUQGEQ3P9,0.867,0.684,0.339,0,0.194,-7.259,0.029,125.054,0.572,65,292920,Surprise Song
62,Enchanted (Taylor's Version),Speak Now (Taylor's Version),Speak Now,7/7/2023,9,spotify:track:3sW3oSbzsfecv9XoUdGs7h,0.016,0.52,0.553,0,0.165,-3.546,0.0269,81.949,0.227,80,353253,Set List
63,Better Than Revenge (Taylor's Version),Speak Now (Taylor's Version),Speak Now,7/7/2023,10,spotify:track:0NwGC0v03ysCYINtg6ns58,0.000795,0.505,0.893,0,0.178,-3.013,0.0771,145.913,0.659,71,220306,Surprise Song
64,Innocent (Taylor's Version),Speak Now (Taylor's Version),Speak Now,7/7/2023,11,spotify:track:12nBPF4Rh4XLFJV0YLN7uj,0.0972,0.524,0.611,0,0.127,-5.298,0.0297,133.583,0.126,63,301221,Surprise Song
65,Haunted (Taylor's Version),Speak Now (Taylor's Version),Speak Now,7/7/2023,12,spotify:track:4tMzIAFTFdqGBQLdfbPces,0.00552,0.44,0.916,0,0.252,-1.927,0.0629,162.025,0.371,69,245413,Surprise Song
66,Last Kiss (Taylor's Version),Speak Now (Taylor's Version),Speak Now,7/7/2023,13,spotify:track:59KOoHFcw5XfICnO57holu,0.443,0.557,0.362,3.57E-06,0.1,-8.641,0.0263,79.573,0.187,69,369120,Surprise Song
67,Long Live (Taylor's Version),Speak Now (Taylor's Version),Speak Now,7/7/2023,14,spotify:track:4hqJ4bSlYJOXb6Z4SRmzxs,0.0162,0.38,0.628,0,0.227,-4.054,0.038,203.826,0.0984,73,317960,Set List
68,Ours (Taylors Version),Speak Now (Taylor's Version),Speak Now,7/7/2023,15,spotify:track:3yNJkriPzWjkkDAWHIAVUq,0.42,0.539,0.475,0,0.109,-8.411,0.0287,159.824,0.293,66,235803,Surprise Song
69,Superman (Taylors Version),Speak Now (Taylor's Version),Speak Now,7/7/2023,16,spotify:track:4evLyY5Ue1Wesc61t2KXAU,0.00207,0.537,0.733,0,0.11,-3.506,0.0302,131.898,0.347,62,274945,Surprise Song
70,Electric Touch (feat. Fall Out Boy) (Taylors Version) (From The Vault),Speak Now (Taylor's Version),Speak Now,7/7/2023,17,spotify:track:4e3ZNTAV6PCrdYMUrUlMpQ,0.018,0.547,0.854,0,0.156,-4.753,0.0526,131.068,0.26,68,266466,Surprise Song
71,When Emma Falls in Love (Taylors Version) (From The Vault),Speak Now (Taylor's Version),Speak Now,7/7/2023,18,spotify:track:0zo975x58DlXbZllWvfYhg,0.168,0.524,0.759,0,0.104,-4.714,0.0471,77.879,0.234,66,252385,Surprise Song
72,I Can See You (Taylors Version) (From The Vault),Speak Now (Taylor's Version),Speak Now,7/7/2023,19,spotify:track:5kHMfzgLZP95O9NBy0ku4v,0.0577,0.695,0.768,0,0.0426,-4.883,0.0344,123.054,0.813,75,273186,Surprise Song
73,Castles Crumbling (feat. Hayley Williams) (Taylors Version) (From The Vault),Speak Now (Taylor's Version),Speak Now,7/7/2023,20,spotify:track:4ABYxlb92WBIjHu7TIKmml,0.342,0.578,0.565,0,0.0662,-8.064,0.0441,147.781,0.351,67,306062,Surprise Song
74,Foolish One (Taylors Version) (From The Vault),Speak Now (Taylor's Version),Speak Now,7/7/2023,21,spotify:track:4s8BIKx4Zh6ryAEz8RTlaU,0.599,0.672,0.613,0,0.112,-4.709,0.0298,97.041,0.557,68,311765,Surprise Song
75,Timeless (Taylors Version) (From The Vault),Speak Now (Taylor's Version),Speak Now,7/7/2023,22,spotify:track:1HCdems7PQZRj42QDWLA0A,0.332,0.629,0.578,0,0.0868,-5.806,0.0319,142.887,0.651,69,321396,Surprise Song
76,Hits Different,Midnights (The Til Dawn Edition),Midnights,5/26/2023,21,spotify:track:3xYJScVfxByb61dYHTwiby,0.134,0.666,0.786,3.34E-06,0.265,-6.556,0.0439,106.02,0.261,72,234466,Surprise Song
77,Snow On The Beach (feat. More Lana Del Rey),Midnights (The Til Dawn Edition),Midnights,5/26/2023,22,spotify:track:4zmKGsrXjLmljb5fTaBTot,0.797,0.664,0.399,3.13E-06,0.105,-10.997,0.0349,109.937,0.265,73,229942,Surprise Song
78,Karma (feat. Ice Spice),Midnights (The Til Dawn Edition),Midnights,5/26/2023,23,spotify:track:4i6cwNY6oIUU2XZxPIw82Y,0.0574,0.615,0.626,0,0.596,-6.548,0.0778,89.984,0.0705,64,201493,Surprise Song
79,Lavender Haze,Midnights (3am Edition),Midnights,10/22/2022,1,spotify:track:4g2c7NoTWAOSYDy44l9nub,0.23,0.735,0.449,0.00126,0.132,-10.56,0.0883,97.05,0.0955,61,202395,Set List
80,Maroon,Midnights (3am Edition),Midnights,10/22/2022,2,spotify:track:199E1RRrVmVTQqBXih5qRC,0.0634,0.655,0.384,1.45E-06,0.0973,-8.29,0.0349,108.058,0.0384,61,218270,Surprise Song
81,Anti-Hero,Midnights (3am Edition),Midnights,10/22/2022,3,spotify:track:02Zkkf2zMkwRGQjZ7T4p8f,0.121,0.633,0.648,2.62E-06,0.161,-6.645,0.062,96.888,0.49,62,200690,Set List
82,Snow On The Beach (feat. Lana Del Rey),Midnights (3am Edition),Midnights,10/22/2022,4,spotify:track:6ADDIJxxqzM9LMpm78yzQG,0.701,0.663,0.321,0.000598,0.107,-13.527,0.0409,110.021,0.153,62,256124,Surprise Song
83,"You're On Your Own, Kid",Midnights (3am Edition),Midnights,10/22/2022,5,spotify:track:7gVWKBcfIW93YxNBi3ApIE,0.447,0.696,0.39,1.55E-05,0.125,-10.331,0.0616,120.032,0.395,62,194206,Surprise Song
84,Midnight Rain,Midnights (3am Edition),Midnights,10/22/2022,6,spotify:track:6Nl7KyvjkFncGsjB49SxLl,0.71,0.604,0.375,5.87E-05,0.116,-11.637,0.0633,137.651,0.203,61,174782,Set List
85,Question...?,Midnights (3am Edition),Midnights,10/22/2022,7,spotify:track:6C7OF1Jal7YkyjzyUG8vkK,0.206,0.654,0.51,0,0.249,-8.767,0.242,108.874,0.105,58,210556,Surprise Song
86,Vigilante Shit,Midnights (3am Edition),Midnights,10/22/2022,8,spotify:track:5yeuXkukVGuix3vmLu2BPJ,0.166,0.872,0.267,2.18E-05,0.123,-10.764,0.387,79.964,0.168,61,164801,Set List
87,Bejeweled,Midnights (3am Edition),Midnights,10/22/2022,9,spotify:track:0jvo9CjnbR0lYUDTSNTMiu,0.0593,0.687,0.551,0.000143,0.09,-9.202,0.0787,163.994,0.443,62,194165,Set List
88,Labyrinth,Midnights (3am Edition),Midnights,10/22/2022,10,spotify:track:43q586vP8gGkYypKoSddhl,0.797,0.48,0.295,0.333,0.12,-15.512,0.0384,110.018,0.132,58,247962,Surprise Song
89,Karma,Midnights (3am Edition),Midnights,10/22/2022,11,spotify:track:5oqDgw5VGBln5dSIOPWyBq,0.062,0.64,0.619,0,0.475,-7.108,0.065,90.008,0.121,65,204852,Set List
90,Sweet Nothing,Midnights (3am Edition),Midnights,10/22/2022,12,spotify:track:3zmwONxswBAzGwExPugSLN,0.968,0.336,0.161,0.00011,0.115,-14.973,0.0456,176.48,0.407,60,188496,Surprise Song
91,Mastermind,Midnights (3am Edition),Midnights,10/22/2022,13,spotify:track:56hioFjQ0DXrdn04hZcFgG,0.565,0.66,0.343,0.00134,0.0922,-14.132,0.14,125.96,0.137,64,191039,Set List
92,The Great War,Midnights (3am Edition),Midnights,10/22/2022,14,spotify:track:3UMrglJeju5yWyYIW6o99b,0.199,0.57,0.747,2.32E-05,0.0854,-8.93,0.0342,96.016,0.574,69,240355,Surprise Song
93,Bigger Than The Whole Sky,Midnights (3am Edition),Midnights,10/22/2022,15,spotify:track:0BiqmkasE5FdrChwKfVp8X,0.841,0.42,0.22,0.00131,0.114,-12.584,0.0472,165.564,0.0705,66,218502,Surprise Song
94,Paris,Midnights (3am Edition),Midnights,10/22/2022,16,spotify:track:7712gjoih4QoDbXpljEk21,0.103,0.703,0.518,2.89E-05,0.148,-10.501,0.085,110.94,0.347,66,196258,Surprise Song
95,High Infidelity,Midnights (3am Edition),Midnights,10/22/2022,17,spotify:track:5kiZGSxgqPdv6rbqL9THdd,0.704,0.571,0.547,0,0.0877,-10.141,0.101,175.933,0.768,64,231475,Surprise Song
96,Glitch,Midnights (3am Edition),Midnights,10/22/2022,18,spotify:track:6wAFvJPpTZVirBKGZ4EnMW,0.314,0.677,0.47,0,0.11,-9.65,0.259,140.881,0.347,63,148781,Surprise Song
97,"Would've, Could've, Should've",Midnights (3am Edition),Midnights,10/22/2022,19,spotify:track:0aV5uARAknQgYhBaK944FP,0.393,0.485,0.846,0.00115,0.124,-6.557,0.117,157.918,0.548,68,260361,Surprise Song
98,Dear Reader,Midnights (3am Edition),Midnights,10/22/2022,20,spotify:track:3QF5RsWzK1lCvf2o2cY65P,0.464,0.674,0.39,0.00122,0.116,-11.944,0.0483,107.891,0.151,64,225194,Surprise Song
99,State Of Grace (Taylor's Version),Red (Taylor's Version),Red,11/12/2021,1,spotify:track:6lzc0Al0zfZOIFsFvBS1ki,0.000328,0.594,0.713,0,0.114,-5.314,0.0503,129.958,0.328,65,295413,Surprise Song
100,Red (Taylor's Version),Red (Taylor's Version),Red,11/12/2021,2,spotify:track:4OAuvHryIVv4kMDNSLuPt6,0.00108,0.516,0.777,1.62E-06,0.0761,-4.908,0.0375,125.047,0.408,73,223093,Surprise Song
101,Treacherous (Taylor's Version),Red (Taylor's Version),Red,11/12/2021,3,spotify:track:3S7HNKPakdwNEBFIVTL6dZ,0.0344,0.645,0.593,0.000127,0.13,-6.506,0.0288,109.984,0.299,65,242720,Surprise Song
102,I Knew You Were Trouble (Taylor's Version),Red (Taylor's Version),Red,11/12/2021,4,spotify:track:6AtZLIzUINvExIUy4QhdjP,0.0129,0.584,0.557,0,0.0576,-6.371,0.0342,154.008,0.767,76,219760,Set List
103,All Too Well (Taylor's Version),Red (Taylor's Version),Red,11/12/2021,5,spotify:track:3nsfB1vus2qaloUdcBZvDu,0.0171,0.44,0.528,0.00203,0.234,-7.809,0.0317,185.972,0.132,71,329160,No
104,22 (Taylor's Version),Red (Taylor's Version),Red,11/12/2021,6,spotify:track:3yII7UwgLF6K5zW3xad3MP,0.000443,0.642,0.695,1.02E-05,0.0753,-5.62,0.0281,103.984,0.642,76,230960,Set List
105,I Almost Do (Taylor's Version),Red (Taylor's Version),Red,11/12/2021,7,spotify:track:2r9CbjYgFhtAmcFv1cSquB,0.0167,0.511,0.559,0,0.113,-6.587,0.0264,145.88,0.248,64,244586,Surprise Song
106,We Are Never Ever Getting Back Together (Taylor's Version),Red (Taylor's Version),Red,11/12/2021,8,spotify:track:5YqltLsjdqFtvqE7Nrysvs,0.0317,0.567,0.686,1.86E-06,0.0732,-6.139,0.175,172.014,0.716,76,193146,Set List
107,Stay Stay Stay (Taylor's Version),Red (Taylor's Version),Red,11/12/2021,9,spotify:track:7eQj6r5PIdYKEIZjucBMcq,0.0848,0.693,0.681,0,0.0768,-7.039,0.025,100.02,0.663,64,205786,Surprise Song
108,The Last Time (feat. Gary Lightbody of Snow Patrol) (Taylors Version),Red (Taylor's Version),Red,11/12/2021,10,spotify:track:0y6kdSRCVQhSsHSpWvTUm7,0.0399,0.502,0.534,0,0.0977,-5.954,0.0278,94.05,0.155,67,299080,Surprise Song
109,Holy Ground (Taylor's Version),Red (Taylor's Version),Red,11/12/2021,11,spotify:track:7J4b3LVCIGO4CMBDFLPoP6,0.0288,0.622,0.809,0.00218,0.109,-5.623,0.0638,156.894,0.511,64,202960,Surprise Song
110,Sad Beautiful Tragic (Taylor's Version),Red (Taylor's Version),Red,11/12/2021,12,spotify:track:73qMN9bXy7MSPwwGfH3wQr,0.622,0.601,0.406,9.19E-05,0.133,-11.827,0.0275,130.059,0.232,65,284773,Surprise Song
111,The Lucky One (Taylor's Version),Red (Taylor's Version),Red,11/12/2021,13,spotify:track:4e5ayHsOLJNLTGfjau2mEw,0.066,0.686,0.571,0,0.0608,-7.138,0.05,117.889,0.538,63,240466,Surprise Song
112,Everything Has Changed (feat. Ed Sheeran) (Taylors Version),Red (Taylor's Version),Red,11/12/2021,14,spotify:track:7qEUFOVcxRI19tbT68JcYK,0.271,0.498,0.61,0,0.223,-5.098,0.0363,79.918,0.474,70,245426,Surprise Song
113,Starlight (Taylor's Version),Red (Taylor's Version),Red,11/12/2021,15,spotify:track:7A2cNLRT0YJc1yjxHlKihs,0.00324,0.628,0.685,0,0.18,-5.864,0.0358,126.014,0.605,63,220413,Surprise Song
114,Begin Again (Taylor's Version),Red (Taylor's Version),Red,11/12/2021,16,spotify:track:05GsNucq8Bngd9fnd4fRa0,0.075,0.519,0.527,0,0.132,-7.673,0.0274,78.915,0.267,66,238866,Surprise Song
115,The Moment I Knew (Taylor's Version),Red (Taylor's Version),Red,11/12/2021,17,spotify:track:0NRHj8hDwwmSPaA41o379r,0.0494,0.636,0.402,0,0.107,-7.855,0.031,125.952,0.208,63,285280,Surprise Song
116,Come Back...Be Here (Taylor's Version),Red (Taylor's Version),Red,11/12/2021,18,spotify:track:4pNApnaUWAL2J4KO2eqokq,0.0158,0.46,0.632,0,0.0822,-6.031,0.0302,79.846,0.399,66,223333,Surprise Song
117,Girl At Home (Taylor's Version),Red (Taylor's Version),Red,11/12/2021,19,spotify:track:0DMVrlMUn01M0IcpDbwgu7,0.00955,0.691,0.736,1.88E-05,0.101,-6.974,0.0326,125.089,0.612,61,220520,No
118,State Of Grace (Acoustic Version) (Taylor's Version),Red (Taylor's Version),Red,11/12/2021,20,spotify:track:5jAIouBES8LWMiriuNq170,0.663,0.445,0.131,1.57E-06,0.108,-13.778,0.0564,208.918,0.101,61,321640,Surprise Song
119,Ronan (Taylor's Version),Red (Taylor's Version),Red,11/12/2021,21,spotify:track:7nWui6jiMM2m9qFmET1Mtj,0.661,0.623,0.279,0,0.193,-10.802,0.031,116.04,0.38,58,264253,No
120,Better Man (Taylor's Version) (From The Vault),Red (Taylor's Version),Red,11/12/2021,22,spotify:track:4OmFmE0fzcMG6g0Y8p4eSD,0.214,0.473,0.579,0,0.0877,-5.824,0.0384,73.942,0.255,67,297013,Surprise Song
121,Nothing New (feat. Phoebe Bridgers) (Taylors Version) (From The Vault),Red (Taylor's Version),Red,11/12/2021,23,spotify:track:01K4zKU104LyJ8gMb7227B,0.817,0.606,0.377,0,0.154,-9.455,0.0275,101.96,0.446,70,258812,Set List
122,Babe (Taylor's Version) (From The Vault),Red (Taylor's Version),Red,11/12/2021,24,spotify:track:0v4z1tuZvn6LGknom9Qx7d,0.0538,0.584,0.743,2.83E-06,0.121,-7.075,0.0931,167.844,0.746,67,224240,Surprise Song
123,Message In A Bottle (Taylor's Version) (From The Vault),Red (Taylor's Version),Red,11/12/2021,25,spotify:track:3z6XUommYDWPHeFhmhhT6j,0.00188,0.622,0.791,3.72E-06,0.083,-6.106,0.0535,115.915,0.494,70,225960,Surprise Song
124,I Bet You Think About Me (feat. Chris Stapleton) (Taylors Version) (From The Vault),Red (Taylor's Version),Red,11/12/2021,26,spotify:track:4CkgMiMqZ5JzW9iYXSTMTL,0.167,0.391,0.715,0,0.183,-4.516,0.0495,149.654,0.473,70,285106,Surprise Song
125,Forever Winter (Taylor's Version) (From The Vault),Red (Taylor's Version),Red,11/12/2021,27,spotify:track:3oGVx9RBmiYGv5ZCecWLkx,0.256,0.611,0.552,0,0.134,-5.828,0.031,116.012,0.41,63,263533,No
126,Run (feat. Ed Sheeran) (Taylors Version) (From The Vault),Red (Taylor's Version),Red,11/12/2021,28,spotify:track:4IQkfUsrwXol38VV3U7t7T,0.817,0.61,0.488,0,0.312,-6.918,0.0293,125.039,0.443,64,240226,Surprise Song
127,The Very First Night (Taylor's Version) (From The Vault),Red (Taylor's Version),Red,11/12/2021,29,spotify:track:6pYNq0ZwpPVazKzsqpf0G8,0.00115,0.678,0.733,0,0.104,-5.025,0.0281,121.009,0.581,69,200280,Surprise Song
128,All Too Well (10 Minute Version) (Taylor's Version) (From The Vault),Red (Taylor's Version),Red,11/12/2021,30,spotify:track:5enxwA8aAbwZbf5qCHORXi,0.274,0.631,0.518,0,0.088,-8.771,0.0303,93.023,0.205,80,613026,Set List
129,Fearless (Taylors Version),Fearless (Taylor's Version),Fearless,4/9/2021,1,spotify:track:77sMIMlNaSURUAXq5coCxE,0.0122,0.569,0.741,0,0.333,-4.963,0.0282,100.118,0.43,78,241591,Set List
130,Fifteen (Taylors Version),Fearless (Taylor's Version),Fearless,4/9/2021,2,spotify:track:2nqio0SfWg6gh2eCtfuMa5,0.116,0.559,0.646,0,0.32,-4.61,0.0272,95.466,0.289,66,294419,Surprise Song
131,Love Story (Taylors Version),Fearless (Taylor's Version),Fearless,4/9/2021,3,spotify:track:6YvqWjhGD8mB5QXcbcUKtx,0.13,0.627,0.792,3.97E-06,0.0845,-4.311,0.031,119.054,0.415,78,235766,Set List
132,Hey Stephen (Taylors Version),Fearless (Taylor's Version),Fearless,4/9/2021,4,spotify:track:550erGcdD9n6PnwxrvYqZT,0.106,0.788,0.571,0,0.0934,-6.135,0.0296,115.99,0.797,65,254254,Surprise Song
133,White Horse (Taylors Version),Fearless (Taylor's Version),Fearless,4/9/2021,5,spotify:track:5YL553x8sHderRBDlm3NM3,0.369,0.423,0.517,0,0.177,-7.377,0.0486,185.262,0.366,67,234515,Surprise Song
134,You Belong With Me (Taylors Version),Fearless (Taylor's Version),Fearless,4/9/2021,6,spotify:track:1qrpoAMXodY6895hGKoUpA,0.0623,0.632,0.773,0,0.0885,-4.856,0.0346,130.033,0.474,81,231124,Set List
135,Breathe (feat. Colbie Caillat) (Taylors Version),Fearless (Taylor's Version),Fearless,4/9/2021,7,spotify:track:7HC7R2D8WjXVcUHJyEGjRs,0.156,0.506,0.626,0,0.228,-6.066,0.0287,148.035,0.321,63,263377,Surprise Song
136,Tell Me Why (Taylors Version),Fearless (Taylor's Version),Fearless,4/9/2021,8,spotify:track:0k0vFacOHNuArLWMiH60p7,0.0222,0.578,0.909,0,0.333,-3.669,0.0628,100.023,0.541,62,200575,Surprise Song
137,You're Not Sorry (Taylors Version),Fearless (Taylor's Version),Fearless,4/9/2021,9,spotify:track:6iiAfo4wTA2CVC3Uwx9uh8,0.0538,0.506,0.444,0,0.123,-4.99,0.0285,133.873,0.241,64,261842,Surprise Song
138,The Way I Loved You (Taylors Version),Fearless (Taylor's Version),Fearless,4/9/2021,10,spotify:track:22bPsP2jCgbLUvh82U0Z3M,0.0033,0.402,0.732,0,0.108,-4.665,0.0484,161.032,0.472,76,243136,Surprise Song
139,Forever & Always (Taylors Version),Fearless (Taylor's Version),Fearless,4/9/2021,11,spotify:track:1msEuwSBneBKpVCZQcFTsU,0.0231,0.598,0.821,0,0.143,-4.433,0.0447,128.03,0.673,67,225328,Surprise Song
140,The Best Day (Taylors Version),Fearless (Taylor's Version),Fearless,4/9/2021,12,spotify:track:6ON9UuIq49xXY9GPmHIYRp,0.488,0.642,0.576,0,0.159,-8.524,0.0282,125,0.469,61,245290,Surprise Song
141,Change (Taylors Version),Fearless (Taylor's Version),Fearless,4/9/2021,13,spotify:track:3ExweHKZF9B752DPQByRVT,0.000191,0.499,0.815,0,0.181,-4.063,0.0341,95.999,0.344,60,279359,Surprise Song
142,Jump Then Fall (Taylors Version),Fearless (Taylor's Version),Fearless,4/9/2021,14,spotify:track:2m3ObD945KvpE5y9A1eUWm,0.0474,0.572,0.69,0,0.0897,-6.201,0.0358,160.111,0.624,62,237580,Surprise Song
143,Untouchable (Taylors Version),Fearless (Taylor's Version),Fearless,4/9/2021,15,spotify:track:0tQ9vBYpldCuikPsbgOVKA,0.0181,0.393,0.531,0,0.169,-6.112,0.0329,200.391,0.224,63,312107,Surprise Song
144,Forever & Always (Piano Version) (Taylors Version),Fearless (Taylor's Version),Fearless,4/9/2021,16,spotify:track:01QdEx6kFr78ZejhQtWR5m,0.819,0.546,0.273,0,0.137,-9.208,0.0308,118.753,0.271,61,267833,Surprise Song
145,Come In With The Rain (Taylors Version),Fearless (Taylor's Version),Fearless,4/9/2021,17,spotify:track:1n2wszmJyVkw6FHqyLnQsY,0.0406,0.476,0.564,0,0.102,-5.677,0.0269,143.929,0.167,59,237338,Surprise Song
146,Superstar (Taylors Version),Fearless (Taylor's Version),Fearless,4/9/2021,18,spotify:track:51A8eKvvZz9uydvIZ7xRSV,0.157,0.454,0.555,0,0.343,-6.69,0.0283,171.862,0.171,59,263865,Surprise Song
147,The Other Side Of The Door (Taylors Version),Fearless (Taylor's Version),Fearless,4/9/2021,19,spotify:track:1cSFlSBdpT4F5vb1frQ231,0.0279,0.432,0.873,0,0.167,-4.367,0.0577,163.936,0.629,64,238443,Surprise Song
148,Today Was A Fairytale (Taylors Version),Fearless (Taylor's Version),Fearless,4/9/2021,20,spotify:track:2JoJrsEV15OzbijS47lids,0.0135,0.482,0.779,0,0.296,-5.025,0.0409,158.162,0.328,62,241822,Surprise Song
149,You All Over Me (feat. Maren Morris) (Taylors Version) (From The Vault),Fearless (Taylor's Version),Fearless,4/9/2021,21,spotify:track:4CHpVfAhuxNJ3ibExe6kxO,0.816,0.599,0.494,0,0.101,-7.61,0.0372,142.893,0.44,59,220839,Surprise Song
150,Mr. Perfectly Fine (Taylors Version) (From The Vault),Fearless (Taylor's Version),Fearless,4/9/2021,22,spotify:track:2CYVETnhM9aytqrazYYwrK,0.162,0.66,0.817,0,0.0667,-6.269,0.0521,135.942,0.714,70,277591,Surprise Song
151,We Were Happy (Taylors Version) (From The Vault),Fearless (Taylor's Version),Fearless,4/9/2021,23,spotify:track:34V9RiEPe8MNdU32qJsJa1,0.849,0.609,0.373,0,0.0779,-8.819,0.0263,106.007,0.13,62,244236,Surprise Song
152,Thats When (feat. Keith Urban) (Taylors Version) (From The Vault),Fearless (Taylor's Version),Fearless,4/9/2021,24,spotify:track:7eResoqEJJAVTkQYSqvO3P,0.225,0.588,0.608,0,0.092,-7.062,0.0365,90.201,0.508,64,189495,No
153,Dont You (Taylors Version) (From The Vault),Fearless (Taylor's Version),Fearless,4/9/2021,25,spotify:track:4uuEGH5SVuzkkSFjo2DEiY,0.514,0.563,0.473,1.20E-05,0.109,-11.548,0.0503,101.934,0.405,63,208608,Surprise Song
154,Bye Bye Baby (Taylors Version) (From The Vault),Fearless (Taylor's Version),Fearless,4/9/2021,26,spotify:track:4qUijfYU8EoIWiY6oSyrgT,0.334,0.624,0.624,0,0.0995,-7.86,0.0539,80.132,0.527,61,242157,No
155,willow,evermore (deluxe version),evermore,1/7/2021,1,spotify:track:2gVhfX2Gy1T9kDuS9azrF7,0.833,0.392,0.574,0.00179,0.145,-9.195,0.17,81.112,0.529,66,214706,Set List
156,champagne problems,evermore (deluxe version),evermore,1/7/2021,2,spotify:track:1gcyHQpBQ1lfXGdhZmWrHP,0.92,0.462,0.24,0,0.113,-12.077,0.0377,171.319,0.32,67,244000,Set List
157,gold rush,evermore (deluxe version),evermore,1/7/2021,3,spotify:track:3Dby3p1m6IOZn2gIIqECgK,0.83,0.512,0.462,0.166,0.121,-10.491,0.0408,112.05,0.353,64,185320,Surprise Song
158,tis the damn season,evermore (deluxe version),evermore,1/7/2021,4,spotify:track:6sQckd3Z8NPxVVKUnavY1F,0.735,0.575,0.434,6.59E-05,0.105,-8.193,0.0312,145.916,0.348,64,229840,Set List
159,tolerate it,evermore (deluxe version),evermore,1/7/2021,5,spotify:track:6lCvK2AR2uOKkVFCVlAzzm,0.878,0.316,0.361,2.67E-05,0.0797,-10.381,0.0488,74.952,0.221,66,245440,Set List
160,"no body, no crime (feat. HAIM)",evermore (deluxe version),evermore,1/7/2021,6,spotify:track:6uwfVkaOM1mcMkFmSn35ix,0.418,0.546,0.613,0,0.103,-7.589,0.0264,79.015,0.535,64,215626,Set List
161,happiness,evermore (deluxe version),evermore,1/7/2021,7,spotify:track:55Vf4bimc1Rtfg0PAQRAo2,0.87,0.559,0.334,0,0.114,-10.733,0.0376,122.079,0.211,62,315146,Surprise Song
162,dorothea,evermore (deluxe version),evermore,1/7/2021,8,spotify:track:66tOfHVH3aUrscg8vExRV4,0.696,0.605,0.488,0,0.129,-8.322,0.0264,119.966,0.354,61,225880,Surprise Song
163,coney island (feat. The National),evermore (deluxe version),evermore,1/7/2021,9,spotify:track:2awNGIJHodfLZSClB3PYhz,0.819,0.537,0.537,0.000904,0.142,-11.266,0.0617,107.895,0.292,63,275320,Surprise Song
164,ivy,evermore (deluxe version),evermore,1/7/2021,10,spotify:track:43Ykum9T72UOPhBN31grpN,0.855,0.515,0.545,1.97E-05,0.0921,-9.277,0.0353,88.856,0.535,63,260440,Surprise Song
165,cowboy like me,evermore (deluxe version),evermore,1/7/2021,11,spotify:track:52OkpDsU6MmPx1AwGOb6Ap,0.768,0.604,0.517,0.000155,0.123,-9.014,0.0347,127.967,0.511,63,275040,Surprise Song
166,long story short,evermore (deluxe version),evermore,1/7/2021,12,spotify:track:5VYWxXUpxuxEmCqMLDqICo,0.66,0.546,0.73,0.179,0.0972,-7.704,0.0417,157.895,0.573,62,215920,Surprise Song
167,marjorie,evermore (deluxe version),evermore,1/7/2021,13,spotify:track:5uICWmZTLkpEVbK22PBP6e,0.876,0.535,0.561,0.000136,0.115,-11.609,0.0484,96.103,0.287,63,257773,Set List
168,closure,evermore (deluxe version),evermore,1/7/2021,14,spotify:track:6a8aUhYbaQBUI8PcJ5ZmQ6,0.835,0.689,0.704,4.83E-06,0.134,-10.813,0.245,151.884,0.92,60,180653,Surprise Song
169,evermore (feat. Bon Iver),evermore (deluxe version),evermore,1/7/2021,15,spotify:track:6Wlq9rqkxrqj5Kls4Kw14H,0.937,0.39,0.27,0.00227,0.111,-10.673,0.0308,125.177,0.32,64,304106,Surprise Song
170,right where you left me - bonus track,evermore (deluxe version),evermore,1/7/2021,16,spotify:track:3zwMVvkBe2qIKDObWgXw4N,0.769,0.581,0.619,0.000106,0.117,-6.524,0.0282,137.915,0.645,74,245026,Surprise Song
171,its time to go - bonus track,evermore (deluxe version),evermore,1/7/2021,17,spotify:track:1kdWw77ZpYOkhxeuhzU1j6,0.801,0.592,0.41,1.39E-05,0.09,-12.426,0.0397,151.923,0.416,66,254640,Surprise Song
189,the 1 - the long pond studio sessions,folklore: the long pond studio sessions (from the Disney+ special) [deluxe edition],folklore,11/25/2020,1,spotify:track:08J4bMHbILkwSIhbtrcvjN,0.898,0.708,0.25,0.026,0.102,-10.731,0.0361,139.803,0.156,54,219893,
190,cardigan - the long pond studio sessions,folklore: the long pond studio sessions (from the Disney+ special) [deluxe edition],folklore,11/25/2020,2,spotify:track:3EPgWM1zfTSzEc0z4AwWTM,0.88,0.395,0.234,0,0.107,-9.704,0.0382,86.478,0.247,54,230680,
191,the last great american dynasty - the long pond studio sessions,folklore: the long pond studio sessions (from the Disney+ special) [deluxe edition],folklore,11/25/2020,3,spotify:track:28tIMaewZuGR8urkvFhQyA,0.743,0.64,0.618,0.004,0.0574,-11.715,0.0379,147.948,0.614,51,232346,
192,exile (feat. Bon Iver) - the long pond studio sessions,folklore: the long pond studio sessions (from the Disney+ special) [deluxe edition],folklore,11/25/2020,4,spotify:track:7N015NTIWGjQDddHUdHPoO,0.848,0.359,0.305,6.74E-05,0.111,-10.295,0.0306,151.956,0.108,53,279893,
193,my tears ricochet - the long pond studio sessions,folklore: the long pond studio sessions (from the Disney+ special) [deluxe edition],folklore,11/25/2020,5,spotify:track:5mdNyCS7ttVcAyVYOIFEjs,0.946,0.531,0.172,1.01E-05,0.0615,-12.34,0.0351,129.007,0.168,55,295173,
194,mirrorball - the long pond studio sessions,folklore: the long pond studio sessions (from the Disney+ special) [deluxe edition],folklore,11/25/2020,6,spotify:track:2yceD2hx5HhOLgkm1CITCi,0.78,0.509,0.386,3.45E-05,0.118,-8.434,0.0272,109.993,0.109,53,237373,
195,seven - the long pond studio sessions,folklore: the long pond studio sessions (from the Disney+ special) [deluxe edition],folklore,11/25/2020,7,spotify:track:4cOWq0cVsKjxaQpRMbDoH1,0.914,0.694,0.449,0.000126,0.1,-11.49,0.0301,94.963,0.363,51,208986,
196,august - the long pond studio sessions,folklore: the long pond studio sessions (from the Disney+ special) [deluxe edition],folklore,11/25/2020,8,spotify:track:4MGexoZc12lqE0hYkq9YYx,0.5,0.554,0.663,4.77E-05,0.791,-8.961,0.0324,89.977,0.545,54,260000,
197,this is me trying - the long pond studio sessions,folklore: the long pond studio sessions (from the Disney+ special) [deluxe edition],folklore,11/25/2020,9,spotify:track:1gaLZjPrDnHQWJds2Jg4KT,0.928,0.435,0.332,0.000898,0.0867,-11.611,0.031,68.097,0.157,54,209293,
198,illicit affairs - the long pond studio sessions,folklore: the long pond studio sessions (from the Disney+ special) [deluxe edition],folklore,11/25/2020,10,spotify:track:560uQyz3p5G9WdnMX39xc6,0.883,0.489,0.235,0,0.113,-10.274,0.0356,117.699,0.435,53,183720,
199,invisible string - the long pond studio sessions,folklore: the long pond studio sessions (from the Disney+ special) [deluxe edition],folklore,11/25/2020,11,spotify:track:5KByGq0JijSSDcy0qzuINs,0.942,0.59,0.282,4.85E-06,0.11,-10.542,0.0281,83.438,0.351,51,257359,
200,mad woman - the long pond studio sessions,folklore: the long pond studio sessions (from the Disney+ special) [deluxe edition],folklore,11/25/2020,12,spotify:track:04xrhDrQ2WOW8GLwu7kbc0,0.887,0.663,0.465,0.000168,0.109,-10.463,0.0408,141.834,0.346,50,238333,
201,epiphany - the long pond studio sessions,folklore: the long pond studio sessions (from the Disney+ special) [deluxe edition],folklore,11/25/2020,13,spotify:track:4yyKppX85ZkmlGOC2toBZA,0.916,0.524,0.2,0.000392,0.068,-13.004,0.0274,93.87,0.113,49,274880,
202,betty - the long pond studio sessions,folklore: the long pond studio sessions (from the Disney+ special) [deluxe edition],folklore,11/25/2020,14,spotify:track:1mh5dObNoOvCfHmXnhvDEK,0.841,0.538,0.316,0,0.119,-9.5,0.0299,95.68,0.518,51,290040,
203,peace - the long pond studio sessions,folklore: the long pond studio sessions (from the Disney+ special) [deluxe edition],folklore,11/25/2020,15,spotify:track:4YHHz3VIXgNDGdoL9xC1tx,0.93,0.619,0.344,7.61E-05,0.0734,-11.472,0.0647,149.897,0.513,50,214373,
204,hoax - the long pond studio sessions,folklore: the long pond studio sessions (from the Disney+ special) [deluxe edition],folklore,11/25/2020,16,spotify:track:0QTBsdoJhamY3Aid3fOsOd,0.962,0.682,0.155,0,0.18,-13.083,0.0394,118.832,0.483,51,221800,
205,the lakes - the long pond studio sessions,folklore: the long pond studio sessions (from the Disney+ special) [deluxe edition],folklore,11/25/2020,17,spotify:track:6mqyTq948oap5AkyTsd6XF,0.794,0.606,0.221,0,0.0888,-11.767,0.0468,89.844,0.112,53,199733,
206,the 1,folklore (deluxe version),folklore,8/18/2020,1,spotify:track:4pfrrhvplbJZAIsfosGWQP,0.75,0.78,0.361,7.14E-06,0.108,-6.942,0.048,139.902,0.163,68,210240,Set List
207,cardigan,folklore (deluxe version),folklore,8/18/2020,2,spotify:track:0KRYCBwIpWYFNrXOmXbyUh,0.525,0.612,0.58,0.000414,0.26,-8.572,0.0419,130.045,0.534,68,239560,Surprise Song
208,the last great american dynasty,folklore (deluxe version),folklore,8/18/2020,3,spotify:track:2olxzvoFI9IpxqFeUv7WOX,0.481,0.688,0.653,0.00414,0.106,-8.558,0.0403,147.991,0.701,66,231000,Set List
209,exile (feat. Bon Iver),folklore (deluxe version),folklore,8/18/2020,4,spotify:track:5S4aYQAJOwJMAamANWlICO,0.761,0.31,0.374,2.46E-05,0.11,-8.464,0.0275,75.938,0.16,68,285640,Surprise Song
210,my tears ricochet,folklore (deluxe version),folklore,8/18/2020,5,spotify:track:5P2bHCDM2tsgIaYWsZMhu5,0.814,0.456,0.265,0,0.0679,-10.663,0.0328,129.947,0.112,68,255893,Set List
211,mirrorball,folklore (deluxe version),folklore,8/18/2020,6,spotify:track:2I8YAEA1VmCuP1wkJHMpTw,0.686,0.549,0.417,1.90E-06,0.0604,-10.064,0.035,110.137,0.347,66,208973,Surprise Song
212,seven,folklore (deluxe version),folklore,8/18/2020,7,spotify:track:76mOLcXOjOEhyY4mMF1l3r,0.888,0.602,0.494,2.59E-05,0.0902,-10.813,0.0277,94.955,0.374,66,208906,Surprise Song
213,august,folklore (deluxe version),folklore,8/18/2020,8,spotify:track:6nK2pIKFcRc5frrZKHgsiT,0.553,0.387,0.634,6.93E-05,0.0931,-9.222,0.0363,89.567,0.42,68,261920,Set List
214,this is me trying,folklore (deluxe version),folklore,8/18/2020,9,spotify:track:7cm50Lw03k6VvRauJtkyTj,0.312,0.511,0.478,2.30E-05,0.147,-9.837,0.0322,135.882,0.408,66,195106,Surprise Song
215,illicit affairs,folklore (deluxe version),folklore,8/18/2020,10,spotify:track:6DrLROM5MG9bxWHeEG5elq,0.862,0.529,0.304,0,0.108,-10.567,0.0356,119.58,0.44,66,190893,Set List
216,invisible string,folklore (deluxe version),folklore,8/18/2020,11,spotify:track:2ehRU518I0hYqMGQnk4lDY,0.859,0.651,0.459,6.63E-05,0.105,-11.128,0.0507,83.455,0.454,66,252880,Set List
217,mad woman,folklore (deluxe version),folklore,8/18/2020,12,spotify:track:0RP1kqoSPkVXsKiQNhMKzV,0.67,0.593,0.7,6.77E-06,0.116,-9.016,0.0492,141.898,0.451,64,237266,Surprise Song
218,epiphany,folklore (deluxe version),folklore,8/18/2020,13,spotify:track:1EXa37LpSvi3OQ9UYQ28rD,0.727,0.317,0.254,0.000326,0.0867,-13.679,0.0286,93.933,0.103,63,289746,Surprise Song
219,betty,folklore (deluxe version),folklore,8/18/2020,14,spotify:track:3IhtE4fkytdrtEfV34UzkD,0.589,0.595,0.376,0,0.0989,-8.767,0.0256,95.946,0.476,65,294520,Set List
220,peace,folklore (deluxe version),folklore,8/18/2020,15,spotify:track:6JlI8Ay77m4nJvZTHvfT1J,0.916,0.644,0.284,1.50E-05,0.0909,-12.879,0.0821,150.072,0.328,63,234000,Surprise Song
221,hoax,folklore (deluxe version),folklore,8/18/2020,16,spotify:track:0YeDG5HnKnG7jpArkzsSPa,0.964,0.676,0.178,7.90E-06,0.135,-15.01,0.0394,118.84,0.404,63,220040,Surprise Song
222,the lakes - bonus track,folklore (deluxe version),folklore,8/18/2020,17,spotify:track:0eFQWVz0qIxDOvhLpZ40P7,0.842,0.313,0.258,1.30E-06,0.0948,-11.532,0.0383,179.947,0.268,67,211813,Surprise Song
223,I Forgot That You Existed,Lover,Lover,8/23/2019,1,spotify:track:43rA71bccXFGD4C8GOpIlN,0.298,0.664,0.316,2.03E-06,0.0812,-10.345,0.519,92.875,0.541,71,170640,Surprise Song
224,Cruel Summer,Lover,Lover,8/23/2019,2,spotify:track:1BxfuPKGuaTgP7aM0Bbdwr,0.117,0.552,0.702,2.06E-05,0.105,-5.707,0.157,169.994,0.564,93,178426,Set List
225,Lover,Lover,Lover,8/23/2019,3,spotify:track:1dGr1c8CrMLDpV6mPbImSI,0.492,0.359,0.543,1.58E-05,0.118,-7.582,0.0919,68.534,0.453,86,221306,Set List
226,The Man,Lover,Lover,8/23/2019,4,spotify:track:3RauEVgRgj1IuWdJ9fDs70,0.0767,0.777,0.658,0,0.0901,-5.191,0.054,110.048,0.633,81,190360,Set List
227,The Archer,Lover,Lover,8/23/2019,5,spotify:track:3pHkh7d0lzM2AldUtz2x37,0.12,0.292,0.574,0.00569,0.0663,-9.375,0.0401,124.344,0.166,75,211240,Set List
228,I Think He Knows,Lover,Lover,8/23/2019,6,spotify:track:2YWtcWi3a83pdEg3Gif4Pd,0.00889,0.897,0.366,0.000353,0.0715,-8.029,0.0569,100.003,0.416,72,173386,Surprise Song
229,Miss Americana & The Heartbreak Prince,Lover,Lover,8/23/2019,7,spotify:track:214nt20w5wOxJnY462klLw,0.028,0.662,0.747,0.00615,0.138,-6.926,0.0736,150.088,0.487,79,234146,Set List
230,Paper Rings,Lover,Lover,8/23/2019,8,spotify:track:4y5bvROuBDPr5fuwXbIBZR,0.0129,0.811,0.719,1.36E-05,0.0742,-6.553,0.0497,103.979,0.865,78,222400,Surprise Song
231,Cornelia Street,Lover,Lover,8/23/2019,9,spotify:track:12M5uqx0ZuwkpLp5rJim1a,0.781,0.824,0.624,0.000189,0.1,-9.728,0.0827,102.012,0.248,74,287266,Surprise Song
232,Death By A Thousand Cuts,Lover,Lover,8/23/2019,10,spotify:track:2dgFqt3w9xIQRjhPtwNk3D,0.454,0.712,0.732,0,0.319,-6.754,0.0629,94.071,0.313,72,198533,Surprise Song
233,London Boy,Lover,Lover,8/23/2019,11,spotify:track:1LLXZFeAHK9R4xUramtUKw,0.0246,0.695,0.71,0.000104,0.133,-6.639,0.05,157.925,0.557,74,190240,Surprise Song
234,Soon You'll Get Better (feat. The Chicks),Lover,Lover,8/23/2019,12,spotify:track:4AYtqFyFbX0Xkc2wtcygTr,0.907,0.433,0.182,0,0.123,-12.566,0.0641,207.476,0.421,66,201586,No
235,False God,Lover,Lover,8/23/2019,13,spotify:track:5hQSXkFgbxjZo9uCwd11so,0.736,0.739,0.32,0.000147,0.111,-10.862,0.239,79.97,0.351,73,200306,Surprise Song
236,You Need To Calm Down,Lover,Lover,8/23/2019,14,spotify:track:6RRNNciQGZEXnqk8SQ9yv5,0.00929,0.771,0.671,0,0.0637,-5.617,0.0553,85.026,0.714,80,171360,Set List
237,Afterglow,Lover,Lover,8/23/2019,15,spotify:track:1SymEzIT3H8UZfibCs3TYi,0.13,0.756,0.449,0,0.114,-8.746,0.0344,111.011,0.399,74,223293,Surprise Song
238,ME! (feat. Brendon Urie of Panic! At The Disco),Lover,Lover,8/23/2019,16,spotify:track:2Rk4JlNc2TPmZe2af99d45,0.033,0.61,0.83,0,0.118,-4.105,0.0571,182.162,0.728,75,193000,Surprise Song
239,Its Nice To Have A Friend,Lover,Lover,8/23/2019,17,spotify:track:1SmiQ65iSAbPto6gPFlBYm,0.971,0.737,0.175,0.000337,0.171,-9.912,0.0401,70.008,0.545,66,150440,Surprise Song
240,Daylight,Lover,Lover,8/23/2019,18,spotify:track:1fzAuUVbzlhZ1lJAx9PtY6,0.808,0.557,0.496,0.000173,0.0772,-9.602,0.0563,149.983,0.265,78,293453,Surprise Song
241,All of the Girls you Loved Before,Lover (Vault),Lover,3/17/2023,,spotify:track:4P9Q0GojKVXpRTJCaL3kyy,,,,,,,,,,,,Surprise Song
242,...Ready For It?,reputation,Reputation,11/10/2017,1,spotify:track:2yLa0QULdQr0qAIvVwN6B5,0.0527,0.613,0.764,0,0.197,-6.509,0.136,160.015,0.417,82,208186,Set List
243,End Game,reputation,Reputation,11/10/2017,2,spotify:track:2x0WlnmfG39ZuDmstl9xfX,0.00845,0.649,0.589,0,0.108,-6.237,0.0558,159.073,0.151,74,244826,Surprise Song
244,I Did Something Bad,reputation,Reputation,11/10/2017,3,spotify:track:4svZDCRz4cJoneBpjpx8DJ,0.0679,0.696,0.602,2.11E-05,0.0696,-6.156,0.159,82.989,0.305,75,238253,Surprise Song
245,Don't Blame Me,reputation,Reputation,11/10/2017,4,spotify:track:1R0a2iXumgCiFb7HEZ7gUE,0.106,0.615,0.534,1.76E-05,0.0607,-6.719,0.0386,135.917,0.193,85,236413,Set List
246,Delicate,reputation,Reputation,11/10/2017,5,spotify:track:6NFyWDv5CjfwuzoCkw47Xf,0.216,0.75,0.404,0.000357,0.0911,-10.178,0.0682,95.045,0.0499,81,232253,Set List
247,Look What You Made Me Do,reputation,Reputation,11/10/2017,6,spotify:track:1P17dC1amhFzptugyAO7Il,0.204,0.766,0.709,1.41E-05,0.126,-6.471,0.123,128.07,0.506,81,211853,Set List
248,So It Goes...,reputation,Reputation,11/10/2017,7,spotify:track:5PxFv9yJEg9dxvbZggykro,0.122,0.574,0.61,1.10E-06,0.13,-7.283,0.0732,74.957,0.374,69,227906,Surprise Song
249,Gorgeous,reputation,Reputation,11/10/2017,8,spotify:track:1ZY1PqizIl78geGM4xWlEA,0.0713,0.8,0.535,9.48E-06,0.213,-6.684,0.135,92.027,0.451,76,209680,Surprise Song
250,Getaway Car,reputation,Reputation,11/10/2017,9,spotify:track:0VE4kBnHJUgtMf0dy6DRmW,0.00465,0.562,0.689,2.23E-06,0.0888,-6.745,0.127,172.054,0.351,79,233626,Surprise Song
251,King Of My Heart,reputation,Reputation,11/10/2017,10,spotify:track:7HuBDWi18s4aJM8UFnNheH,0.00882,0.675,0.703,2.21E-06,0.0391,-7.902,0.0382,110.01,0.314,72,214320,Surprise Song
252,Dancing With Our Hands Tied,reputation,Reputation,11/10/2017,11,spotify:track:7I7JbDv63ZJJsSi24DyJrz,0.0604,0.624,0.691,1.10E-05,0.138,-6.686,0.196,160.024,0.284,72,211506,Surprise Song
253,Dress,reputation,Reputation,11/10/2017,12,spotify:track:6oVxXO5oQ4pTpO8RSnkzvv,0.0329,0.719,0.469,0,0.169,-8.792,0.0533,120.085,0.0851,75,230373,Surprise Song
254,This Is Why We Can't Have Nice Things,reputation,Reputation,11/10/2017,13,spotify:track:07NxDD1iKCHbAldceD7QLP,0.0156,0.567,0.789,0,0.382,-5.986,0.115,163.96,0.438,70,207133,Surprise Song
255,Call It What You Want,reputation,Reputation,11/10/2017,14,spotify:track:1GwMQaZz6Au3QLDbjbMdme,0.186,0.598,0.504,0.000221,0.34,-9.874,0.0731,163.954,0.252,75,203506,Surprise Song
256,New Year's Day,reputation,Reputation,11/10/2017,15,spotify:track:7F5oktn5YOsR9eR5YsFtqb,0.921,0.661,0.151,0,0.13,-12.864,0.0354,94.922,0.23,70,235466,Surprise Song
257,Welcome To New York,1989 (Deluxe),1989,1/1/2014,1,spotify:track:3nRmDz7qGCvsMS30rGGY0x,0.0348,0.789,0.634,1.64E-06,0.302,-4.762,0.0323,116.992,0.658,48,212600,
258,Blank Space,1989 (Deluxe),1989,1/1/2014,2,spotify:track:1u8c2t2Cy7UBoG4ArRcF5g,0.103,0.76,0.703,0,0.0913,-5.412,0.054,95.997,0.57,81,231826,
259,Style,1989 (Deluxe),1989,1/1/2014,3,spotify:track:0ug5NqcwcFR2xrfTkc7k8e,0.00245,0.588,0.791,0.00258,0.118,-5.595,0.0402,94.933,0.487,79,231000,
260,Out Of The Woods,1989 (Deluxe),1989,1/1/2014,4,spotify:track:0qUnBLZ8bJqUNEeQgayL9t,0.000743,0.553,0.841,1.19E-05,0.341,-6.937,0.0396,92.008,0.338,59,235800,
261,All You Had To Do Was Stay,1989 (Deluxe),1989,1/1/2014,5,spotify:track:6aLOekfwbytwWvQftxTEF0,0.00201,0.605,0.725,2.02E-05,0.101,-5.729,0.0323,96.97,0.539,47,193293,
262,Shake It Off,1989 (Deluxe),1989,1/1/2014,6,spotify:track:0cqRj7pUJDkTCEsJkx8snD,0.0647,0.647,0.8,0,0.334,-5.384,0.165,160.078,0.942,80,219200,
263,I Wish You Would,1989 (Deluxe),1989,1/1/2014,7,spotify:track:5gRYrtvyVyaCRvLt56OfuV,0.0158,0.653,0.893,4.95E-05,0.102,-5.966,0.0538,118.035,0.513,51,207440,
264,Bad Blood,1989 (Deluxe),1989,1/1/2014,8,spotify:track:2NlmmAjGYrrjAp0MED5rGx,0.0885,0.646,0.794,6.16E-06,0.201,-6.104,0.19,170.216,0.287,52,211933,
265,Wildest Dreams,1989 (Deluxe),1989,1/1/2014,9,spotify:track:4A4A6dwl5DqdqrZaEtKGPR,0.0692,0.55,0.688,0.00144,0.106,-7.416,0.0897,139.997,0.465,52,220440,
266,How You Get The Girl,1989 (Deluxe),1989,1/1/2014,10,spotify:track:0fM9dEhUFV4MHDuJgrcfOv,0.00364,0.765,0.656,0.00868,0.0918,-6.112,0.0504,119.997,0.545,55,247533,
267,This Love,1989 (Deluxe),1989,1/1/2014,11,spotify:track:4L560fic5PaTuCFm6CviKa,0.678,0.481,0.435,0,0.0928,-8.795,0.0321,143.95,0.107,50,250093,
268,I Know Places,1989 (Deluxe),1989,1/1/2014,12,spotify:track:6EwNJz8CuVsrsLvXprJ20Q,0.245,0.602,0.755,0,0.178,-4.991,0.071,159.965,0.495,50,195706,
269,Clean,1989 (Deluxe),1989,1/1/2014,13,spotify:track:1NmVZsG18CzCAtw7rnV3yA,0.232,0.815,0.377,0,0.1,-7.754,0.0346,103.97,0.211,55,271000,
270,Wonderland,1989 (Deluxe),1989,1/1/2014,14,spotify:track:6RvRzl1YJTDnUvdOtV21IK,0.0493,0.422,0.692,2.57E-05,0.177,-5.447,0.0549,184.014,0.197,55,245560,
271,You Are In Love,1989 (Deluxe),1989,1/1/2014,15,spotify:track:2KrOAg6FftbjgSKdd2a4rS,0.707,0.474,0.48,0.000108,0.0903,-8.894,0.0622,170.109,0.319,55,267106,
272,New Romantics,1989 (Deluxe),1989,1/1/2014,16,spotify:track:0qAIiGFKLdV1xpNlEhjpq8,0.00463,0.633,0.889,0.000458,0.0658,-5.87,0.0715,121.956,0.584,62,230466,
273,I Know Places - Voice Memo,1989 (Deluxe),1989,1/1/2014,17,spotify:track:4FoV729rw7IhoKlMZW5K5V,0.829,0.592,0.128,0,0.527,-17.932,0.589,78.828,0.15,0,216333,
274,I Wish You Would - Voice Memo,1989 (Deluxe),1989,1/1/2014,18,spotify:track:4eTXfpHxhxVofrBUjAhPMg,0.717,0.781,0.357,0,0.185,-16.394,0.912,118.317,0.645,0,107133,
275,Blank Space - Voice Memo,1989 (Deluxe),1989,1/1/2014,19,spotify:track:4e6QU4gpfZj9xxcK856RgG,0.801,0.675,0.234,0,0.657,-15.064,0.721,127.296,0.578,0,131186,
276,State Of Grace,Red (Deluxe Edition),Red,10/22/2012,1,spotify:track:0b16LTzby1YRVd2nq2Z0fw,0.000197,0.588,0.825,0.00138,0.0884,-5.882,0.0328,129.968,0.397,43,295720,
277,Red,Red (Deluxe Edition),Red,10/22/2012,2,spotify:track:7gJtmLyPTwKzhGzMBXtuXH,0.0773,0.602,0.896,8.87E-05,0.0911,-4.267,0.0437,124.978,0.641,54,223093,
278,Treacherous,Red (Deluxe Edition),Red,10/22/2012,3,spotify:track:7nECwCDHS1JvQbrmuorZIH,0.101,0.704,0.621,4.30E-06,0.14,-8.086,0.0334,109.995,0.395,41,242760,
279,I Knew You Were Trouble.,Red (Deluxe Edition),Red,10/22/2012,4,spotify:track:3lKZf71jeNi14udIFPJ29V,0.00454,0.622,0.469,2.25E-06,0.0335,-6.798,0.0363,77.019,0.679,59,219720,
280,All Too Well,Red (Deluxe Edition),Red,10/22/2012,5,spotify:track:6GNRkaWUB0Lwc19SdkTgx8,0.0382,0.602,0.609,0.0002,0.128,-7.803,0.0243,93.06,0.337,59,329160,
281,22,Red (Deluxe Edition),Red,10/22/2012,6,spotify:track:3WC5CVAahvn98hiseoIvbw,0.00215,0.661,0.729,0.0013,0.0477,-6.561,0.0376,103.987,0.668,59,232120,
282,I Almost Do,Red (Deluxe Edition),Red,10/22/2012,7,spotify:track:1eyqSYBCTane4rl4vc6PWJ,0.0173,0.567,0.481,4.13E-05,0.182,-7.357,0.027,145.865,0.233,43,244560,
283,We Are Never Ever Getting Back Together,Red (Deluxe Edition),Red,10/22/2012,8,spotify:track:6kISMRfweKSvgHR0urMQFG,0.00957,0.628,0.676,2.65E-05,0.121,-5.911,0.0916,85.984,0.75,59,193146,
284,Stay Stay Stay,Red (Deluxe Edition),Red,10/22/2012,9,spotify:track:0F2S1QlnMaOfmNHIgmES3k,0.307,0.729,0.748,1.29E-06,0.0962,-6.67,0.0245,99.981,0.928,43,205853,
285,The Last Time,Red (Deluxe Edition),Red,10/22/2012,10,spotify:track:2Tz4JnXZOcjcp8fWfMjBBk,0.035,0.505,0.443,3.15E-06,0.0906,-7.039,0.0276,94.069,0.123,45,299013,
286,Holy Ground,Red (Deluxe Edition),Red,10/22/2012,11,spotify:track:3KmYVOuK2eG7LGP7qQ8DLR,0.0162,0.627,0.816,0.00208,0.0965,-6.698,0.0774,157.043,0.648,41,202960,
287,Sad Beautiful Tragic,Red (Deluxe Edition),Red,10/22/2012,12,spotify:track:70e9zuv2pJc7ON1OUAJ1zl,0.632,0.624,0.34,0.0337,0.0805,-12.411,0.029,129.987,0.261,40,284866,
288,The Lucky One,Red (Deluxe Edition),Red,10/22/2012,13,spotify:track:5VQLMrWhailAhErKNUSnv1,0.0371,0.706,0.499,0,0.132,-7.675,0.0369,117.937,0.545,40,240266,
289,Everything Has Changed,Red (Deluxe Edition),Red,10/22/2012,14,spotify:track:5PjfMmF06QtxTPZBZHdhoZ,0.36,0.624,0.458,3.89E-06,0.311,-6.755,0.0287,80.016,0.436,52,245413,
290,Starlight,Red (Deluxe Edition),Red,10/22/2012,15,spotify:track:1gL4vMhDV3RgJQmDuY5HK1,0.0213,0.649,0.777,0.000335,0.21,-5.804,0.0406,126.018,0.587,41,220600,
291,Begin Again,Red (Deluxe Edition),Red,10/22/2012,16,spotify:track:1yG491M3fRfowMdGN5pey4,0.199,0.53,0.526,3.52E-06,0.14,-8.349,0.0263,79.025,0.323,45,239426,
292,The Moment I Knew,Red (Deluxe Edition),Red,10/22/2012,17,spotify:track:4qTAwKJQ68gmnrnfPD3vlO,0.187,0.619,0.506,1.47E-05,0.101,-7.327,0.0315,126.03,0.274,38,286613,
293,Come Back...Be Here,Red (Deluxe Edition),Red,10/22/2012,18,spotify:track:1n8rB9AhxiAvVP1E2c3yOd,0.00471,0.483,0.548,2.01E-06,0.0997,-6.291,0.0254,79.926,0.217,43,223920,
294,Girl At Home,Red (Deluxe Edition),Red,10/22/2012,19,spotify:track:6VFpuI0DDmbC5UyWZQ4IRY,0.272,0.733,0.59,0,0.134,-5.86,0.0284,125.048,0.633,37,220840,
295,Treacherous - Original Demo Recording,Red (Deluxe Edition),Red,10/22/2012,20,spotify:track:7skiELMb9SiQCcBpsExIJf,0.175,0.828,0.64,6.14E-05,0.0991,-8.248,0.0355,109.993,0.519,34,240266,
296,Red - Original Demo Recording,Red (Deluxe Edition),Red,10/22/2012,21,spotify:track:2OghnlGqZZsFzHjG0CSE9l,0.113,0.678,0.902,0.000235,0.0705,-4.659,0.0358,124.998,0.637,36,227080,
297,State Of Grace - Acoustic,Red (Deluxe Edition),Red,10/22/2012,22,spotify:track:5mfDBWY7ncZFm7ykmFTG4i,0.664,0.626,0.118,0.000169,0.127,-15.91,0.0305,105.597,0.0682,37,323080,
298,Mine - POP Mix,Speak Now (Deluxe Package),Speak Now,1/1/2010,1,spotify:track:0OAHsZ8vrS2NKom3cvfJQD,0.00461,0.696,0.768,1.21E-06,0.101,-3.863,0.0308,121.05,0.692,42,230546,
299,Sparks Fly,Speak Now (Deluxe Package),Speak Now,1/1/2010,2,spotify:track:09cM9BjyNFizKUOXh6j9rT,0.0387,0.608,0.785,0,0.158,-2.976,0.0311,114.985,0.376,52,260946,
300,Back To December,Speak Now (Deluxe Package),Speak Now,1/1/2010,3,spotify:track:0tr6XR58KBdDYd8qvHVTs8,0.0202,0.517,0.606,0,0.324,-5.797,0.0289,141.929,0.296,63,293040,
301,Speak Now,Speak Now (Deluxe Package),Speak Now,1/1/2010,4,spotify:track:2PBghI9zJkQEWBzMSMo2Ki,0.101,0.708,0.601,0,0.0979,-3.75,0.0306,118.962,0.742,51,240773,
302,Dear John,Speak Now (Deluxe Package),Speak Now,1/1/2010,5,spotify:track:1GeLxMgpeCnMJntwyW6rLw,0.183,0.583,0.468,1.65E-06,0.111,-5.378,0.0278,119.375,0.126,46,403887,
303,Mean,Speak Now (Deluxe Package),Speak Now,1/1/2010,6,spotify:track:6yM6QsnTCTVOkKEvg3hGlo,0.445,0.57,0.747,0,0.219,-3.978,0.0426,164.004,0.808,55,237746,
304,The Story Of Us,Speak Now (Deluxe Package),Speak Now,1/1/2010,7,spotify:track:7vBlnGdfOLzVEqiOQQxeU8,0.000315,0.575,0.855,0.00161,0.0419,-4.827,0.0467,139.92,0.84,40,265636,
305,Never Grow Up,Speak Now (Deluxe Package),Speak Now,1/1/2010,8,spotify:track:57w0Uyk2jJAkO2hMJ36xJZ,0.829,0.715,0.308,0,0.16,-8.829,0.0305,124.899,0.547,44,290480,
306,Enchanted,Speak Now (Deluxe Package),Speak Now,1/1/2010,9,spotify:track:3sqrvkNC6IPTIXvvbx9Arw,0.0716,0.535,0.618,0.000388,0.169,-3.913,0.0273,81.975,0.228,71,352200,
307,Better Than Revenge,Speak Now (Deluxe Package),Speak Now,1/1/2010,10,spotify:track:55mh9j2aB7xZ1Oh463gK8k,0.0167,0.519,0.917,2.06E-05,0.359,-3.185,0.0887,145.882,0.652,54,217173,
308,Innocent,Speak Now (Deluxe Package),Speak Now,1/1/2010,11,spotify:track:4LraIz87diVQdDK0rhi0S4,0.202,0.553,0.604,0,0.125,-5.295,0.0258,133.989,0.186,40,302266,
309,Haunted,Speak Now (Deluxe Package),Speak Now,1/1/2010,12,spotify:track:72idZxdEHLbi2YI486c3sE,0.0769,0.434,0.944,0,0.151,-2.641,0.0581,162.02,0.361,48,242093,
310,Last Kiss,Speak Now (Deluxe Package),Speak Now,1/1/2010,13,spotify:track:1VCJ7vk3Y2DoJIAEOXe3V8,0.581,0.359,0.329,3.75E-05,0.0979,-9.531,0.0293,84.358,0.208,46,367146,
311,Long Live,Speak Now (Deluxe Package),Speak Now,1/1/2010,14,spotify:track:7BFc7ffruhZ4Hecnqf5xju,0.0426,0.412,0.682,7.47E-05,0.106,-4.319,0.0339,203.959,0.146,46,317960,
312,Ours,Speak Now (Deluxe Package),Speak Now,1/1/2010,15,spotify:track:0hK93KD6Y0j9giUGh4Valj,0.505,0.61,0.556,0,0.0851,-7.369,0.0285,159.838,0.192,46,238173,
313,If This Was A Movie,Speak Now (Deluxe Package),Speak Now,1/1/2010,16,spotify:track:5tSmAABuoOfR59lrtXdDqm,0.154,0.515,0.724,4.05E-06,0.269,-3.498,0.0267,147.788,0.257,45,234546,
314,Superman,Speak Now (Deluxe Package),Speak Now,1/1/2010,17,spotify:track:6aJ0ipi4EPmu1aTbFeXZnw,0.0187,0.582,0.817,1.94E-06,0.101,-3.718,0.0337,131.983,0.547,39,276266,
315,Back To December - Acoustic,Speak Now (Deluxe Package),Speak Now,1/1/2010,18,spotify:track:7k7BOXE4u6luKTwcLEAyrd,0.731,0.541,0.451,0,0.197,-6.522,0.027,141.713,0.333,49,292533,
316,Haunted - Acoustic Version,Speak Now (Deluxe Package),Speak Now,1/1/2010,19,spotify:track:6SdBf0ZsJZoKaH5zcDaz9X,0.841,0.574,0.462,0,0.28,-5.124,0.0252,80.858,0.314,44,217626,
317,Mine,Speak Now (Deluxe Package),Speak Now,1/1/2010,20,spotify:track:67Io3gxHwfbUreBf114c0u,0.00327,0.621,0.78,4.55E-06,0.184,-2.934,0.0297,121.038,0.672,57,230773,
318,Back To December,Speak Now (Deluxe Package),Speak Now,1/1/2010,21,spotify:track:5aNkiOMxQXkpoEY5bTYoCh,0.113,0.525,0.676,0,0.294,-4.684,0.0294,141.95,0.281,34,293040,
319,The Story Of Us,Speak Now (Deluxe Package),Speak Now,1/1/2010,22,spotify:track:2jt90bYlYDg1lXYWES34LJ,0.00487,0.546,0.809,0.000372,0.0437,-3.621,0.041,139.91,0.649,52,266480,
320,Jump Then Fall,Fearless (Platinum Edition),Fearless,11/11/2008,1,spotify:track:6WWvcA62QlnRguluWAk6bv,0.111,0.618,0.687,0,0.0693,-5.737,0.0271,79.991,0.82,41,237066,
321,Untouchable,Fearless (Platinum Edition),Fearless,11/11/2008,2,spotify:track:6ovFJkdau79DuXEvQjPaNH,0.0583,0.419,0.454,3.78E-06,0.0974,-6.809,0.0335,200.017,0.288,43,311040,
322,Forever & Always - Piano Version,Fearless (Platinum Edition),Fearless,11/11/2008,3,spotify:track:13MAWVUSkbGMUi6I7RowRK,0.852,0.592,0.16,0,0.116,-10.785,0.0347,118.929,0.294,41,267506,
323,Come In With The Rain,Fearless (Platinum Edition),Fearless,11/11/2008,4,spotify:track:0cEG04R5cldkTLzK6phlcn,0.0961,0.527,0.461,2.47E-06,0.24,-6.172,0.0256,143.94,0.23,39,238093,
324,SuperStar,Fearless (Platinum Edition),Fearless,11/11/2008,5,spotify:track:0XfTh16YcKPzdxMPTeKTAq,0.367,0.61,0.531,0,0.351,-6.123,0.0239,85.979,0.228,38,261453,
325,The Other Side Of The Door,Fearless (Platinum Edition),Fearless,11/11/2008,6,spotify:track:1yDJcXc549N6AabNBzFAku,0.169,0.476,0.816,0,0.238,-4.279,0.0347,163.847,0.469,39,237600,
326,Fearless,Fearless (Platinum Edition),Fearless,11/11/2008,7,spotify:track:2okho7vU7Nsq1UZD0kgIMi,0.0364,0.598,0.714,1.04E-06,0.31,-4.397,0.0273,99.979,0.467,50,242000,
327,Fifteen,Fearless (Platinum Edition),Fearless,11/11/2008,8,spotify:track:5Ora3Ish2A1JN5veGYTxhw,0.0728,0.559,0.636,0,0.144,-4.4,0.0263,95.485,0.214,40,294346,
328,Love Story,Fearless (Platinum Edition),Fearless,11/11/2008,9,spotify:track:5hnJCRSo4pxRsaEwT9YusG,0.157,0.618,0.736,0,0.073,-3.937,0.0308,118.982,0.307,56,235280,
329,Hey Stephen,Fearless (Platinum Edition),Fearless,11/11/2008,10,spotify:track:3CI1f4yLwdHzcUnH7o0Xyh,0.168,0.843,0.553,2.66E-06,0.107,-7.348,0.0317,115.997,0.825,43,254320,
330,White Horse,Fearless (Platinum Edition),Fearless,11/11/2008,11,spotify:track:5yKB8qcTSflDercM2PXwot,0.302,0.585,0.346,0,0.102,-8.014,0.0256,92.564,0.195,42,234440,
331,You Belong With Me,Fearless (Platinum Edition),Fearless,11/11/2008,12,spotify:track:4kgTdThcDHfuDS2kKxB7Lc,0.164,0.687,0.771,2.46E-05,0.112,-4.424,0.0384,129.964,0.445,57,231146,
332,Breathe,Fearless (Platinum Edition),Fearless,11/11/2008,13,spotify:track:23qIWGhpwvDgC23TyZOUck,0.373,0.498,0.486,0,0.113,-7.384,0.0273,147.952,0.17,38,263986,
333,Tell Me Why,Fearless (Platinum Edition),Fearless,11/11/2008,14,spotify:track:4x7Gxk2GfwZJcqpoVT1PbR,0.0606,0.601,0.852,3.41E-06,0.37,-3.096,0.0386,100.015,0.513,40,200560,
334,You're Not Sorry,Fearless (Platinum Edition),Fearless,11/11/2008,15,spotify:track:3JhvYnOfKLJuWC7jEU0GmJ,0.13,0.459,0.459,2.30E-06,0.113,-4.126,0.0275,134.018,0.281,42,261800,
335,The Way I Loved You,Fearless (Platinum Edition),Fearless,11/11/2008,16,spotify:track:4pEZUytwBzha5Un6m3SCFf,0.0322,0.436,0.712,0,0.111,-3.689,0.0329,160.886,0.379,48,244240,
336,Forever & Always,Fearless (Platinum Edition),Fearless,11/11/2008,17,spotify:track:3NKCWBT2uKp8rxSkcvIrdX,0.0907,0.605,0.829,0,0.106,-4.993,0.0549,128.012,0.514,43,225333,
337,The Best Day,Fearless (Platinum Edition),Fearless,11/11/2008,18,spotify:track:7CjuAoOiSrwWv7wJonAUmw,0.611,0.664,0.447,1.00E-06,0.139,-8.535,0.0292,126.079,0.364,40,245346,
338,Change,Fearless (Platinum Edition),Fearless,11/11/2008,19,spotify:track:3gFaNwyiafgUoQhR0pHYA9,0.00471,0.548,0.756,0,0.117,-4.175,0.036,96.038,0.224,40,281053,
339,Tim McGraw,Taylor Swift (Deluxe Edition),Debut,10/24/2006,1,spotify:track:2Fn01AIMyHbha2ceNQeOqw,0.575,0.58,0.491,0,0.121,-6.462,0.0251,76.009,0.425,56,232106,Surprise Song
340,Picture To Burn,Taylor Swift (Deluxe Edition),Debut,10/24/2006,2,spotify:track:4BYejINgfZF0qKDMEH2cim,0.173,0.658,0.877,0,0.0962,-2.098,0.0323,105.586,0.821,61,173066,Surprise Song
341,Teardrops On My Guitar,Taylor Swift (Deluxe Edition),Debut,10/24/2006,3,spotify:track:2TF4UtYreqNbQ6Z9AccldU,0.288,0.621,0.417,0,0.119,-6.941,0.0231,99.953,0.289,63,203040,Surprise Song
342,A Place in this World,Taylor Swift (Deluxe Edition),Debut,10/24/2006,4,spotify:track:1oR4MUBpyNrAViC8wPNpfm,0.051,0.576,0.777,0,0.32,-2.881,0.0324,115.028,0.428,55,199200,Surprise Song
343,Cold As You,Taylor Swift (Deluxe Edition),Debut,10/24/2006,5,spotify:track:569sXXQ7t0jSdqHooi2yqs,0.217,0.418,0.482,0,0.123,-5.769,0.0266,175.558,0.261,55,239013,Surprise Song
344,The Outside,Taylor Swift (Deluxe Edition),Debut,10/24/2006,6,spotify:track:5Tj2MqcFMf60CaGsKbM1aq,0.00491,0.589,0.805,0,0.24,-4.055,0.0293,112.982,0.591,54,207106,Surprise Song
345,Tied Together with a Smile,Taylor Swift (Deluxe Edition),Debut,10/24/2006,7,spotify:track:2zzxwmoOBnXDT0KnJsoIWk,0.525,0.479,0.578,0,0.0841,-4.963,0.0294,146.165,0.192,54,248106,Surprise Song
346,Stay Beautiful,Taylor Swift (Deluxe Edition),Debut,10/24/2006,8,spotify:track:41sjzdjScVwnxnxADElts6,0.0868,0.594,0.629,0,0.137,-4.919,0.0246,131.597,0.504,53,236053,Surprise Song
347,Should've Said No,Taylor Swift (Deluxe Edition),Debut,10/24/2006,9,spotify:track:6CdaXOq1MWe2JHDalTG01d,0.0103,0.476,0.777,0,0.196,-3.771,0.0289,167.964,0.472,60,242200,Surprise Song
348,Mary's Song (Oh My My My),Taylor Swift (Deluxe Edition),Debut,10/24/2006,10,spotify:track:2O8sogKJCfVZ4rotBv1vVF,0.0177,0.403,0.627,0,0.182,-5.28,0.0292,74.9,0.374,57,213080,Surprise Song
349,Our Song,Taylor Swift (Deluxe Edition),Debut,10/24/2006,11,spotify:track:1j6gmK6u4WNI33lMZ8dC1s,0.111,0.668,0.672,0,0.329,-4.931,0.0303,89.011,0.539,64,201106,Surprise Song
350,I'm Only Me When I'm With You,Taylor Swift (Deluxe Edition),Debut,10/24/2006,12,spotify:track:7CzxXgQXurKZCyHz9ufbo1,0.00452,0.563,0.934,0.000807,0.103,-3.629,0.0646,143.964,0.518,56,213053,Surprise Song
351,Invisible,Taylor Swift (Deluxe Edition),Debut,10/24/2006,13,spotify:track:1k3PzDNjg38cWqOvL4M9vq,0.637,0.612,0.394,0,0.147,-5.723,0.0243,96.001,0.233,54,203226,Surprise Song
352,A Perfectly Good Heart,Taylor Swift (Deluxe Edition),Debut,10/24/2006,14,spotify:track:0YgHuReCSPwTXYny7isLja,0.00349,0.483,0.751,0,0.128,-5.726,0.0365,156.092,0.268,53,220146,Surprise Song
353,Teardrops on My Guitar - Pop Version,Taylor Swift (Deluxe Edition),Debut,10/24/2006,15,spotify:track:1hxLyjC9D9Jpw6EAPKqWv4,0.0402,0.459,0.753,0,0.0863,-3.827,0.0537,199.997,0.483,55,179066,No
